-- phpMyAdmin SQL Dump
-- version 5.2.1
-- https://www.phpmyadmin.net/
--
-- Host: 127.0.0.1
-- Generation Time: Dec 27, 2023 at 11:03 PM
-- Server version: 10.4.28-MariaDB
-- PHP Version: 8.2.4

SET SQL_MODE = "NO_AUTO_VALUE_ON_ZERO";
START TRANSACTION;
SET time_zone = "+00:00";


/*!40101 SET @OLD_CHARACTER_SET_CLIENT=@@CHARACTER_SET_CLIENT */;
/*!40101 SET @OLD_CHARACTER_SET_RESULTS=@@CHARACTER_SET_RESULTS */;
/*!40101 SET @OLD_COLLATION_CONNECTION=@@COLLATION_CONNECTION */;
/*!40101 SET NAMES utf8mb4 */;

--
-- Database: `coffee_management`
--

-- --------------------------------------------------------

--
-- Table structure for table `customers`
--

CREATE TABLE `customers` (
  `customer_id` varchar(20) NOT NULL,
  `phone` varchar(255) DEFAULT NULL,
  `total_spent` decimal(10,2) DEFAULT NULL
) ENGINE=InnoDB DEFAULT CHARSET=utf8mb4 COLLATE=utf8mb4_general_ci;

--
-- Dumping data for table `customers`
--

INSERT INTO `customers` (`customer_id`, `phone`, `total_spent`) VALUES
('ID_0000208457', '0000208457', 141.66),
('ID_0001083423', '0001083423', 299.85),
('ID_0002595562', '0002595562', 14.61),
('ID_0002734428', '0002734428', 256.36),
('ID_0003915758', '0003915758', 66.72),
('ID_0006283595', '0006283595', 58.96),
('ID_0009434102', '0009434102', 78.16),
('ID_0010963316', '0010963316', 286.22),
('ID_0011528552', '0011528552', 134.96),
('ID_0012572580', '0012572580', 325.20),
('ID_0013522438', '0013522438', 270.92),
('ID_0013727910', '0013727910', 305.59),
('ID_0015009091', '0015009091', 192.98),
('ID_0016602913', '0016602913', 240.17),
('ID_0017219006', '0017219006', 291.08),
('ID_0018946329', '0018946329', 240.21),
('ID_0019315751', '0019315751', 407.64),
('ID_0019839380', '0019839380', 463.01),
('ID_0022891217', '0022891217', 326.95),
('ID_0023535915', '0023535915', 273.77),
('ID_0024987132', '0024987132', 477.12),
('ID_0027363875', '0027363875', 281.68),
('ID_0033090452', '0033090452', 256.10),
('ID_0033163744', '0033163744', 17.03),
('ID_0033524626', '0033524626', 342.40),
('ID_0036800841', '0036800841', 423.99),
('ID_0044221203', '0044221203', 202.99),
('ID_0044925063', '0044925063', 9.66),
('ID_0051833285', '0051833285', 15.21),
('ID_0056634337', '0056634337', 165.22),
('ID_0063332314', '0063332314', 333.32),
('ID_0064628545', '0064628545', 118.29),
('ID_0064852007', '0064852007', 266.11),
('ID_0068973369', '0068973369', 19.75),
('ID_0070094917', '0070094917', 350.52),
('ID_0075187788', '0075187788', 167.64),
('ID_0078963254', '0078963254', 249.79),
('ID_0080150057', '0080150057', 137.99),
('ID_0082654306', '0082654306', 275.57),
('ID_0089039475', '0089039475', 1.62),
('ID_0091098708', '0091098708', 462.90),
('ID_0092454338', '0092454338', 431.09),
('ID_0097786460', '0097786460', 341.94),
('ID_0097882903', '0097882903', 28.02),
('ID_0099153884', '0099153884', 177.36),
('ID_0101175949', '0101175949', 450.77),
('ID_0101723237', '0101723237', 214.62),
('ID_0103730814', '0103730814', 240.50),
('ID_0105757676', '0105757676', 203.80),
('ID_0106302645', '0106302645', 403.33),
('ID_0107456991', '0107456991', 40.85),
('ID_0107847618', '0107847618', 364.06),
('ID_0110616690', '0110616690', 459.12),
('ID_0112581972', '0112581972', 198.34),
('ID_0115514969', '0115514969', 336.27),
('ID_0116801941', '0116801941', 316.03),
('ID_0117731428', '0117731428', 121.48),
('ID_0117877520', '0117877520', 280.71),
('ID_0121369442', '0121369442', 417.33),
('ID_0122386793', '0122386793', 430.69),
('ID_0123393054', '0123393054', 19.30),
('ID_0123421730', '0123421730', 212.54),
('ID_0123944699', '0123944699', 354.78),
('ID_0124473088', '0124473088', 251.90),
('ID_0127473329', '0127473329', 74.79),
('ID_0127480911', '0127480911', 55.77),
('ID_0132202830', '0132202830', 313.29),
('ID_0136263581', '0136263581', 359.85),
('ID_0142461156', '0142461156', 440.25),
('ID_0144258145', '0144258145', 336.03),
('ID_0145307737', '0145307737', 466.61),
('ID_0147717584', '0147717584', 27.32),
('ID_0151292736', '0151292736', 304.67),
('ID_0155205509', '0155205509', 214.25),
('ID_0155914973', '0155914973', 419.36),
('ID_0156446071', '0156446071', 323.30),
('ID_0158458985', '0158458985', 212.67),
('ID_0161339386', '0161339386', 178.19),
('ID_0162691236', '0162691236', 357.54),
('ID_0162700244', '0162700244', 369.40),
('ID_0164054111', '0164054111', 303.81),
('ID_0165150691', '0165150691', 127.83),
('ID_0166688042', '0166688042', 134.36),
('ID_0167988623', '0167988623', 117.79),
('ID_0168677650', '0168677650', 359.70),
('ID_0168816787', '0168816787', 461.96),
('ID_0178096759', '0178096759', 405.83),
('ID_0181472897', '0181472897', 69.40),
('ID_0183511245', '0183511245', 276.84),
('ID_0184541847', '0184541847', 252.18),
('ID_0187579721', '0187579721', 91.63),
('ID_0189259623', '0189259623', 393.75),
('ID_0191435372', '0191435372', 64.03),
('ID_0203367130', '0203367130', 115.84),
('ID_0203954921', '0203954921', 1.19),
('ID_0206396752', '0206396752', 442.62),
('ID_0208368128', '0208368128', 397.09),
('ID_0210980494', '0210980494', 119.26),
('ID_0212781890', '0212781890', 453.94),
('ID_0214221554', '0214221554', 275.06),
('ID_0220587141', '0220587141', 301.05),
('ID_0226901465', '0226901465', 44.05),
('ID_0227810589', '0227810589', 131.81),
('ID_0227965805', '0227965805', 318.51),
('ID_0230847159', '0230847159', 448.65),
('ID_0230983016', '0230983016', 56.05),
('ID_0232902174', '0232902174', 39.35),
('ID_0233020302', '0233020302', 50.46),
('ID_0234758896', '0234758896', 366.82),
('ID_0234855011', '0234855011', 390.80),
('ID_0235096772', '0235096772', 287.70),
('ID_0237806831', '0237806831', 469.58),
('ID_0240728165', '0240728165', 117.15),
('ID_0242461529', '0242461529', 499.88),
('ID_0243054518', '0243054518', 273.53),
('ID_0244960092', '0244960092', 195.48),
('ID_0248542562', '0248542562', 330.77),
('ID_02672133096', '02672133096', 85.90),
('ID_0269377886', '0269377886', 415.30),
('ID_0269407394', '0269407394', 263.53),
('ID_0270669570', '0270669570', 382.04),
('ID_0273775058', '0273775058', 94.40),
('ID_0273903280', '0273903280', 244.18),
('ID_0274223670', '0274223670', 217.51),
('ID_0278904662', '0278904662', 396.10),
('ID_0279529598', '0279529598', 370.75),
('ID_0281971142', '0281971142', 379.35),
('ID_0285120179', '0285120179', 237.32),
('ID_0286588286', '0286588286', 476.68),
('ID_0290244166', '0290244166', 178.75),
('ID_0290589287', '0290589287', 159.41),
('ID_0291681732', '0291681732', 233.03),
('ID_0293362501', '0293362501', 393.92),
('ID_0294002120', '0294002120', 106.12),
('ID_0295125317', '0295125317', 258.13),
('ID_0295376681', '0295376681', 430.50),
('ID_0295914268', '0295914268', 52.92),
('ID_0297942622', '0297942622', 323.77),
('ID_0298626324', '0298626324', 236.63),
('ID_0299679310', '0299679310', 430.62),
('ID_0300310679', '0300310679', 315.77),
('ID_0303163455', '0303163455', 30.48),
('ID_0305370914', '0305370914', 171.71),
('ID_0307584090', '0307584090', 160.66),
('ID_0312383843', '0312383843', 414.09),
('ID_0314291540', '0314291540', 421.70),
('ID_0314528674', '0314528674', 348.10),
('ID_0315915053', '0315915053', 352.84),
('ID_0317315904', '0317315904', 368.87),
('ID_0320259122', '0320259122', 130.68),
('ID_0322978962', '0322978962', 56.60),
('ID_0323578025', '0323578025', 285.92),
('ID_0324855704', '0324855704', 307.34),
('ID_0325727412', '0325727412', 298.46),
('ID_0330157661', '0330157661', 373.17),
('ID_0330181337', '0330181337', 464.21),
('ID_0331489525', '0331489525', 497.82),
('ID_0335280081', '0335280081', 376.70),
('ID_0335951140', '0335951140', 216.24),
('ID_0337074621', '0337074621', 478.83),
('ID_0337670498', '0337670498', 40.09),
('ID_0338873070', '0338873070', 41.57),
('ID_0342193082', '0342193082', 244.98),
('ID_0342209169', '0342209169', 290.04),
('ID_0342482366', '0342482366', 130.55),
('ID_0342932616', '0342932616', 417.64),
('ID_0342964279', '0342964279', 285.96),
('ID_0348868298', '0348868298', 369.36),
('ID_0349283498', '0349283498', 454.66),
('ID_0349292753', '0349292753', 63.74),
('ID_0350729815', '0350729815', 474.70),
('ID_0351162400', '0351162400', 209.14),
('ID_0351796230', '0351796230', 378.29),
('ID_0351913766', '0351913766', 257.36),
('ID_0357775853', '0357775853', 475.45),
('ID_0358510291', '0358510291', 412.97),
('ID_0359066697', '0359066697', 414.36),
('ID_0360353620', '0360353620', 376.89),
('ID_0361432687', '0361432687', 159.53),
('ID_0361690628', '0361690628', 246.28),
('ID_0363431781', '0363431781', 459.78),
('ID_0370263847', '0370263847', 348.74),
('ID_0370682266', '0370682266', 32.43),
('ID_0371134328', '0371134328', 417.26),
('ID_0371271976', '0371271976', 245.30),
('ID_0376219530', '0376219530', 395.27),
('ID_0378999122', '0378999122', 447.74),
('ID_0379709538', '0379709538', 470.32),
('ID_0380064137', '0380064137', 393.40),
('ID_0380359422', '0380359422', 62.65),
('ID_0381375229', '0381375229', 473.47),
('ID_0382314025', '0382314025', 312.79),
('ID_0382882263', '0382882263', 68.93),
('ID_0385727365', '0385727365', 457.64),
('ID_0389181096', '0389181096', 374.22),
('ID_0392095202', '0392095202', 496.63),
('ID_0393274718', '0393274718', 353.79),
('ID_0393841319', '0393841319', 317.29),
('ID_0396839541', '0396839541', 134.22),
('ID_0399502667', '0399502667', 485.62),
('ID_0401024527', '0401024527', 431.55),
('ID_0403021519', '0403021519', 424.26),
('ID_0407115021', '0407115021', 36.48),
('ID_0409375883', '0409375883', 370.74),
('ID_0410186337', '0410186337', 457.08),
('ID_0414778810', '0414778810', 339.09),
('ID_0421511412', '0421511412', 366.54),
('ID_0421785524', '0421785524', 18.33),
('ID_0422594489', '0422594489', 418.86),
('ID_0422787647', '0422787647', 6.39),
('ID_0428276516', '0428276516', 414.39),
('ID_0431062645', '0431062645', 265.12),
('ID_0432284240', '0432284240', 206.89),
('ID_0433077943', '0433077943', 58.51),
('ID_0433107538', '0433107538', 38.50),
('ID_0437136453', '0437136453', 321.69),
('ID_0439723766', '0439723766', 490.42),
('ID_0442239796', '0442239796', 220.40),
('ID_0446789713', '0446789713', 93.43),
('ID_0448439751', '0448439751', 368.51),
('ID_0448563695', '0448563695', 229.66),
('ID_0449462883', '0449462883', 435.52),
('ID_0451532710', '0451532710', 108.33),
('ID_0452532431', '0452532431', 380.35),
('ID_0453663634', '0453663634', 2.26),
('ID_0457292162', '0457292162', 455.86),
('ID_0458366312', '0458366312', 460.68),
('ID_0459411670', '0459411670', 397.42),
('ID_0459470472', '0459470472', 468.47),
('ID_0460244381', '0460244381', 274.54),
('ID_0463144303', '0463144303', 29.34),
('ID_0464762228', '0464762228', 253.29),
('ID_0465014813', '0465014813', 127.40),
('ID_0466493376', '0466493376', 198.70),
('ID_0468382716', '0468382716', 97.98),
('ID_0468988581', '0468988581', 479.80),
('ID_0471353045', '0471353045', 321.68),
('ID_0471575192', '0471575192', 387.14),
('ID_0472868481', '0472868481', 391.73),
('ID_0485274650', '0485274650', 195.77),
('ID_0487590353', '0487590353', 213.95),
('ID_0487812558', '0487812558', 175.92),
('ID_0489504593', '0489504593', 499.67),
('ID_0491469434', '0491469434', 319.66),
('ID_0493662554', '0493662554', 180.08),
('ID_0495490948', '0495490948', 436.57),
('ID_0496807493', '0496807493', 344.17),
('ID_0497830565', '0497830565', 396.93),
('ID_0497831472', '0497831472', 184.33),
('ID_0500818888', '0500818888', 178.42),
('ID_0501323435', '0501323435', 31.96),
('ID_0502377521', '0502377521', 401.30),
('ID_0507392263', '0507392263', 255.45),
('ID_0508555084', '0508555084', 368.71),
('ID_0508924295', '0508924295', 170.81),
('ID_0516694691', '0516694691', 410.52),
('ID_0517444091', '0517444091', 450.16),
('ID_0519300087', '0519300087', 471.83),
('ID_0521108652', '0521108652', 221.99),
('ID_0521114765', '0521114765', 300.85),
('ID_0522409146', '0522409146', 99.03),
('ID_0522489878', '0522489878', 315.20),
('ID_0522834503', '0522834503', 10.92),
('ID_0526935430', '0526935430', 447.74),
('ID_0527423514', '0527423514', 178.07),
('ID_0530206734', '0530206734', 416.01),
('ID_0531978445', '0531978445', 409.94),
('ID_0533982576', '0533982576', 251.90),
('ID_0537162540', '0537162540', 384.30),
('ID_0538867220', '0538867220', 172.84),
('ID_0541946231', '0541946231', 373.37),
('ID_0542659409', '0542659409', 96.74),
('ID_0542918940', '0542918940', 214.21),
('ID_0545325263', '0545325263', 479.70),
('ID_0545585035', '0545585035', 107.96),
('ID_0546132125', '0546132125', 334.33),
('ID_0548608492', '0548608492', 245.66),
('ID_0548718941', '0548718941', 111.67),
('ID_0549779900', '0549779900', 300.84),
('ID_0553220329', '0553220329', 283.82),
('ID_0557010450', '0557010450', 12.91),
('ID_0557613172', '0557613172', 178.46),
('ID_0559986625', '0559986625', 467.67),
('ID_0561114344', '0561114344', 180.85),
('ID_0564496650', '0564496650', 321.19),
('ID_0564543352', '0564543352', 297.44),
('ID_0569557783', '0569557783', 161.32),
('ID_0573990370', '0573990370', 322.79),
('ID_0574114242', '0574114242', 189.10),
('ID_0578288562', '0578288562', 443.96),
('ID_0582603788', '0582603788', 186.74),
('ID_0585044472', '0585044472', 249.20),
('ID_0586304746', '0586304746', 416.12),
('ID_0587761534', '0587761534', 69.95),
('ID_0588849899', '0588849899', 253.21),
('ID_0589193113', '0589193113', 243.45),
('ID_0590334351', '0590334351', 440.38),
('ID_0591555777', '0591555777', 25.41),
('ID_0592202053', '0592202053', 199.39),
('ID_0592243027', '0592243027', 462.83),
('ID_0602778712', '0602778712', 485.37),
('ID_0603119017', '0603119017', 254.69),
('ID_0606883201', '0606883201', 384.48),
('ID_0607016551', '0607016551', 499.20),
('ID_0611019522', '0611019522', 32.38),
('ID_0612874461', '0612874461', 186.63),
('ID_0617623335', '0617623335', 417.69),
('ID_0617746994', '0617746994', 414.51),
('ID_0620135421', '0620135421', 382.47),
('ID_0620292872', '0620292872', 252.70),
('ID_0621556427', '0621556427', 24.33),
('ID_0621985615', '0621985615', 266.35),
('ID_0622966807', '0622966807', 286.16),
('ID_0623752967', '0623752967', 216.27),
('ID_0624983498', '0624983498', 56.75),
('ID_0626548334', '0626548334', 341.23),
('ID_0628176470', '0628176470', 35.62),
('ID_0631170342', '0631170342', 343.86),
('ID_0632454781', '0632454781', 439.35),
('ID_0634179478', '0634179478', 313.75),
('ID_0637925872', '0637925872', 1.58),
('ID_0638371725', '0638371725', 425.18),
('ID_0638558907', '0638558907', 199.08),
('ID_0638658701', '0638658701', 343.57),
('ID_0642074037', '0642074037', 352.07),
('ID_0644966365', '0644966365', 52.68),
('ID_0645610187', '0645610187', 474.52),
('ID_0647054340', '0647054340', 228.03),
('ID_0647189411', '0647189411', 484.62),
('ID_0647839758', '0647839758', 431.96),
('ID_0648489401', '0648489401', 347.29),
('ID_0653974778', '0653974778', 285.29),
('ID_0657591145', '0657591145', 416.53),
('ID_0657933824', '0657933824', 216.06),
('ID_0659143656', '0659143656', 402.80),
('ID_0659703056', '0659703056', 165.93),
('ID_0664339466', '0664339466', 489.12),
('ID_0666567528', '0666567528', 398.10),
('ID_0667624154', '0667624154', 472.12),
('ID_0668364400', '0668364400', 298.92),
('ID_0674014584', '0674014584', 228.59),
('ID_0675420942', '0675420942', 234.53),
('ID_0675592309', '0675592309', 431.19),
('ID_0678413383', '0678413383', 178.51),
('ID_0679519321', '0679519321', 138.38),
('ID_0680599027', '0680599027', 95.02),
('ID_0681275852', '0681275852', 351.69),
('ID_0683751923', '0683751923', 226.46),
('ID_0685278820', '0685278820', 469.08),
('ID_0687319124', '0687319124', 488.95),
('ID_0695192659', '0695192659', 491.86),
('ID_0696670853', '0696670853', 363.39),
('ID_0697842894', '0697842894', 54.92),
('ID_0700137203', '0700137203', 273.95),
('ID_0701406898', '0701406898', 313.89),
('ID_0703988562', '0703988562', 302.42),
('ID_0707194865', '0707194865', 403.63),
('ID_0709285819', '0709285819', 60.64),
('ID_0714177101', '0714177101', 339.89),
('ID_0718448452', '0718448452', 473.38),
('ID_0718817266', '0718817266', 98.04),
('ID_0726248371', '0726248371', 443.00),
('ID_0729634710', '0729634710', 144.80),
('ID_0732326843', '0732326843', 119.93),
('ID_0732855008', '0732855008', 175.54),
('ID_0737022696', '0737022696', 154.31),
('ID_0737742288', '0737742288', 137.38),
('ID_0740152708', '0740152708', 443.81),
('ID_0741283272', '0741283272', 418.80),
('ID_0748348381', '0748348381', 351.77),
('ID_0752451181', '0752451181', 135.13),
('ID_0752921938', '0752921938', 388.00),
('ID_0754430797', '0754430797', 98.08),
('ID_0755098350', '0755098350', 410.72),
('ID_0758024094', '0758024094', 297.33),
('ID_0758070878', '0758070878', 72.17),
('ID_0760157536', '0760157536', 61.89),
('ID_0762028889', '0762028889', 441.64),
('ID_0762255409', '0762255409', 109.82),
('ID_0763122848', '0763122848', 62.44),
('ID_0771067134', '0771067134', 372.74),
('ID_0776219113', '0776219113', 110.45),
('ID_0777333092', '0777333092', 198.28),
('ID_0778162278', '0778162278', 178.61),
('ID_0779235367', '0779235367', 59.27),
('ID_0780682937', '0780682937', 200.89),
('ID_0782252615', '0782252615', 296.66),
('ID_0783510821', '0783510821', 84.30),
('ID_0785733204', '0785733204', 191.62),
('ID_0788319928', '0788319928', 231.35),
('ID_0788609826', '0788609826', 496.07),
('ID_0789220654', '0789220654', 287.65),
('ID_0789970247', '0789970247', 281.43),
('ID_0793176687', '0793176687', 338.44),
('ID_0794771667', '0794771667', 397.95),
('ID_0795255117', '0795255117', 102.42),
('ID_0795635360', '0795635360', 306.57),
('ID_0796420392', '0796420392', 440.43),
('ID_0796671068', '0796671068', 326.48),
('ID_0797763570', '0797763570', 29.35),
('ID_0798106047', '0798106047', 17.50),
('ID_0798234526', '0798234526', 261.32),
('ID_0799148172', '0799148172', 247.48),
('ID_0800803111', '0800803111', 4.29),
('ID_0801505867', '0801505867', 138.26),
('ID_0801867187', '0801867187', 33.96),
('ID_0803675753', '0803675753', 82.70),
('ID_0803810737', '0803810737', 443.80),
('ID_0804721380', '0804721380', 186.61),
('ID_0808748349', '0808748349', 356.13),
('ID_0809068853', '0809068853', 73.15),
('ID_0811545147', '0811545147', 401.32),
('ID_0811782482', '0811782482', 311.35),
('ID_0811944103', '0811944103', 436.53),
('ID_0814140555', '0814140555', 460.51),
('ID_0817985113', '0817985113', 494.61),
('ID_0818111207', '0818111207', 117.15),
('ID_0818372679', '0818372679', 103.39),
('ID_0819678248', '0819678248', 58.21),
('ID_0819914817', '0819914817', 386.08),
('ID_0823013819', '0823013819', 103.08),
('ID_0823364991', '0823364991', 350.44),
('ID_0823566757', '0823566757', 32.91),
('ID_0823623092', '0823623092', 189.43),
('ID_0824345086', '0824345086', 292.14),
('ID_0832083892', '0832083892', 194.05),
('ID_0834317110', '0834317110', 39.11),
('ID_0835295740', '0835295740', 462.79),
('ID_0835371111', '0835371111', 300.83),
('ID_0837140810', '0837140810', 490.81),
('ID_0837162757', '0837162757', 139.95),
('ID_0838472569', '0838472569', 450.38),
('ID_0839014316', '0839014316', 471.35),
('ID_0850045207', '0850045207', 475.10),
('ID_0854414008', '0854414008', 255.63),
('ID_0854704310', '0854704310', 388.81),
('ID_0858034868', '0858034868', 428.24),
('ID_0860059809', '0860059809', 452.67),
('ID_0860210019', '0860210019', 362.20),
('ID_0861499275', '0861499275', 35.84),
('ID_0862123637', '0862123637', 474.26),
('ID_0866063078', '0866063078', 122.34),
('ID_0869884443', '0869884443', 16.26),
('ID_0873984341', '0873984341', 416.17),
('ID_0876045116', '0876045116', 92.64),
('ID_0884799059', '0884799059', 332.32),
('ID_0885157341', '0885157341', 471.98),
('ID_0885780795', '0885780795', 417.33),
('ID_0887168194', '0887168194', 310.34),
('ID_0891906658', '0891906658', 406.27),
('ID_0892747277', '0892747277', 63.05),
('ID_0896060352', '0896060352', 456.59),
('ID_0897769878', '0897769878', 428.82),
('ID_0899612922', '0899612922', 371.49),
('ID_0905153420', '0905153420', 216.24),
('ID_0907141931', '0907141931', 237.36),
('ID_0913655000', '0913655000', 408.27),
('ID_0914387587', '0914387587', 435.88),
('ID_0915125488', '0915125488', 278.65),
('ID_0916282464', '0916282464', 320.02),
('ID_0916283273', '0916283273', 261.06),
('ID_0917701209', '0917701209', 233.98),
('ID_0918970819', '0918970819', 498.16),
('ID_0920696738', '0920696738', 275.76),
('ID_0921738421', '0921738421', 118.96),
('ID_0922337034', '0922337034', 100.41),
('ID_0931153640', '0931153640', 229.44),
('ID_0932677066', '0932677066', 384.24),
('ID_0933011328', '0933011328', 310.82),
('ID_0933541469', '0933541469', 251.35),
('ID_0933660424', '0933660424', 182.63),
('ID_0934488509', '0934488509', 465.22),
('ID_0937919601', '0937919601', 439.68),
('ID_0938157040', '0938157040', 490.42),
('ID_0942585982', '0942585982', 419.05),
('ID_0945722340', '0945722340', 13.92),
('ID_0947115004', '0947115004', 436.65),
('ID_0949165206', '0949165206', 440.57),
('ID_0954605782', '0954605782', 295.74),
('ID_0954797423', '0954797423', 423.91),
('ID_0957735035', '0957735035', 271.81),
('ID_0958062091', '0958062091', 464.35),
('ID_0960103471', '0960103471', 67.23),
('ID_0965272079', '0965272079', 261.86),
('ID_0968395616', '0968395616', 358.64),
('ID_0969145554', '0969145554', 164.56),
('ID_0972471213', '0972471213', 15.01),
('ID_0974618747', '0974618747', 87.12),
('ID_0974960022', '0974960022', 86.02),
('ID_0976958011', '0976958011', 343.60),
('ID_0977865483', '0977865483', 235.69),
('ID_0978498800', '0978498800', 213.59),
('ID_0985186687', '0985186687', 145.98),
('ID_0986050655', '0986050655', 369.70),
('ID_0986065398', '0986065398', 414.24),
('ID_0988732111', '0988732111', 244.30),
('ID_0989081089', '0989081089', 12.24),
('ID_0990120540', '0990120540', 95.19),
('ID_0991376645', '0991376645', 281.86),
('ID_0992866582', '0992866582', 317.63),
('ID_0998921216', '0998921216', 243.09);

-- --------------------------------------------------------

--
-- Table structure for table `customers_booking`
--

CREATE TABLE `customers_booking` (
  `id` int(11) NOT NULL,
  `name` varchar(255) NOT NULL,
  `phone` varchar(255) NOT NULL,
  `person` int(11) NOT NULL,
  `reservation_date` date NOT NULL,
  `time` varchar(255) NOT NULL,
  `message` text DEFAULT NULL
) ENGINE=InnoDB DEFAULT CHARSET=utf8mb4 COLLATE=utf8mb4_general_ci;

-- --------------------------------------------------------

--
-- Table structure for table `employees`
--

CREATE TABLE `employees` (
  `employee_id` varchar(20) NOT NULL,
  `name` varchar(100) NOT NULL,
  `position` varchar(50) NOT NULL,
  `contact_info` varchar(100) DEFAULT NULL,
  `salary` decimal(10,2) DEFAULT NULL,
  `hire_date` date DEFAULT NULL
) ENGINE=InnoDB DEFAULT CHARSET=utf8mb4 COLLATE=utf8mb4_general_ci;

--
-- Dumping data for table `employees`
--

INSERT INTO `employees` (`employee_id`, `name`, `position`, `contact_info`, `salary`, `hire_date`) VALUES
('ID_057674', 'Nicole Bauch', 'Servant', '0554882542', 200.00, '2023-01-10'),
('ID_190391', 'Miss May Schneider IV', 'Bartender', '0178541449', 250.00, '2020-11-19'),
('ID_448450', 'Ms. Marcus Connelly', 'Manager', '0828129535', 200.00, '2020-12-12'),
('ID_474166', 'Pauline Hand', 'Servant', '0349819366', 200.00, '2022-11-11'),
('ID_739142', 'Lonnie Bahringer', 'Servant', '0342592971', 150.00, '2023-01-01'),
('ID_941468', 'Jenna Adams', 'Bartender', '0790324452', 250.00, '2023-04-23');

-- --------------------------------------------------------

--
-- Table structure for table `menu`
--

CREATE TABLE `menu` (
  `item_id` varchar(255) NOT NULL,
  `item_name` text NOT NULL,
  `description` text NOT NULL,
  `price` decimal(10,2) NOT NULL,
  `local_url` varchar(255) NOT NULL
) ENGINE=InnoDB DEFAULT CHARSET=utf8mb4 COLLATE=utf8mb4_general_ci;

--
-- Dumping data for table `menu`
--

INSERT INTO `menu` (`item_id`, `item_name`, `description`, `price`, `local_url`) VALUES
('CF_Americano', 'Americano(Hot/Iced)', 'A delightful concoction made by diluting espresso with hot water, delivering a rich, robust flavor with a smoother profile.', 2.25, './assets/images/americano.png'),
('CF_BlackEye', 'Black Eye', 'Bold and robust blend that delivers a powerful kick of energy with every sip, ensuring a rich and invigorating coffee experience.', 2.50, './assets/images/blackeye.png'),
('CF_Cappuccino', 'Cappuccino', 'Rich espresso meets frothy steamed milk, creating a harmonious balance of bold flavor and creamy texture in every delightful cup.', 1.64, './assets/images/cappuccino.png'),
('CF_Cortado', 'Cortado', 'Balanced with a splash of warm, silky milk, creating a harmonious and flavorful coffee indulgence.', 3.45, './assets/images/cortado.png'),
('CF_Latte', 'Latte(Hot/Iced)', 'A velvety blend of espresso and steamed milk, crowned with a delicate layer of foam, creating a creamy and satisfying coffee indulgence', 1.97, './assets/images/latte.png'),
('CF_Macchiato', 'Macchiato', 'Symphony of espresso perfection adorned with a touch of velvety foam, delivering a bold and rich flavor in every enticing sip.', 2.50, './assets/images/macchiato.png'),
('smoothie_apple_pie', 'Apple Pie Smoothie', 'Combining fresh apple slices, warm cinnamon and oats, mixed with yogurt or almond milk, creating a comforting, spiked concoction.', 2.60, './assets/images/smoothie_apple_pie.jpg'),
('smoothie_coconut', 'Coconut Smoothie', 'A tropical oasis in a glass, combining creamy coconut milk or water with chunks of fresh fruit, offering a delightful balance of sweetness and nutty richness.', 2.26, './assets/images/smoothie_coconut.jpg'),
('smoothie_Mango', 'Mango Smoothies', 'A tropical delight, blending ripe, juicy mangoes with creamy yogurt or non-dairy alternatives, often enhanced with a splash of citrus or honey for a sweet-tangy fusion.', 2.10, './assets/images/smoothie_mango.jpg'),
('smoothie_mixed_fruit', 'Mixed Fruit With Yogurt', 'Creates a vibrant symphony of flavors and textures, blending assorted fresh fruits like berries, bananas, and kiwi with creamy yogurt, delivering a harmonious balance of sweetness and tanginess.', 2.26, './assets/images/smoothie_mixed_fruit.jpg'),
('SNACK_ChocoCake', 'Choco Cake', 'Decadent symphony of moist layers and velvety cocoa, ensuring an unforgettable experience for every chocolate lover.', 2.00, './assets/images/Snack_ChocoCake.png'),
('SNACK_ChristmasCookies', 'Christmas Cookies', 'Warmth of cinnamon, nutmeg, and a hint of sweetness to every delicious bite.', 1.50, './assets/images/Snack_Christmas_Cookies.png'),
('SNACK_CoffeeDonut', 'Coffee Donut', 'Rich coffee flavor, delivering a delectable treat that pairs perfectly with your favorite cup of coffee.', 2.45, './assets/images/Snack_Donut.png'),
('SNACK_CreamWhippedCake', 'Cream Whipped Cake', 'A luscious symphony of light and airy layers, generously adorned with billowy clouds of whipped cream for an irresistibly delightful treat.', 2.34, './assets/images/Snack_whipped_cake.png'),
('SNACK_Flan', 'Flan', 'A luscious dessert characterized by its smooth, creamy custard base complemented by a caramelized sugar topping.', 1.65, './assets/images/Snack_flan.png'),
('SNACK_Vanilla', 'Vanilla Panna Cotta', 'Delicate essence of vanilla, creating a luxurious and satisfying culinary experience.', 3.00, './assets/images/Snack_VPC.png'),
('TEA_BlueButterfly', 'Blue Butterfly Pea Flower Tea', 'A type of tea made from the dried flowers of the Clitoria ternatea plant. Enjoy hot or served over ice.', 2.75, './assets/images/Tea_BBPF.jpg'),
('TEA_Cream_Choco_Milk', 'Cream Chocolate Milk Tea', 'A heavenly blend of chocolatey richness and creamy perfection, topped with luscious whipped cream.', 2.50, './assets/images/Tea_Cream_Choco_Milk.png'),
('TEA_IcedApple', 'Iced Apple Tea', 'Crisp and refreshing blend that captures the essence of ripe apples in every cool and invigorating sip.', 2.25, './assets/images/Tea_Iced_Apple.jpg'),
('TEA_Matcha', 'Matcha Tea', 'Imported directly from Uji, Japan, our Matcha Supreme boasts a perfect blend of fragrant Uji Matcha', 2.20, './assets/images/Tea_Matcha.jpg'),
('TEA_PeachIced', 'Peach Iced Tea', 'A harmonious blend of premium tea leaves and succulent peach flavor, served over ice for a delightful and invigorating experience.', 2.70, './assets/images/Tea_Peach_Iced.jpg'),
('TEA_RubyRed', 'Ruby Red Tea', 'A luscious infusion of finest red tea leaves, brimming with robust flavor and warmth to elevate your tea experience.', 2.80, './assets/images/Tea_Ruby_Red.png');

-- --------------------------------------------------------

--
-- Table structure for table `orders`
--

CREATE TABLE `orders` (
  `order_id` varchar(30) NOT NULL,
  `customer_id` varchar(20) DEFAULT NULL,
  `order_date` date DEFAULT NULL,
  `total_amount` decimal(10,2) DEFAULT NULL
) ENGINE=InnoDB DEFAULT CHARSET=utf8mb4 COLLATE=utf8mb4_general_ci;

--
-- Dumping data for table `orders`
--

INSERT INTO `orders` (`order_id`, `customer_id`, `order_date`, `total_amount`) VALUES
('202312280442180000208457', 'ID_0000208457', '2023-12-28', 11.00),
('2312280443030000208457', 'ID_0000208457', '2023-12-28', 15.00),
('2312280448390349292753', 'ID_0349292753', '2023-12-28', 7.75);

-- --------------------------------------------------------

--
-- Table structure for table `order_items`
--

CREATE TABLE `order_items` (
  `order_id` varchar(30) NOT NULL,
  `item_id` int(11) NOT NULL,
  `quantity` int(11) DEFAULT NULL
) ENGINE=InnoDB DEFAULT CHARSET=utf8mb4 COLLATE=utf8mb4_general_ci;

-- --------------------------------------------------------

--
-- Table structure for table `room_items`
--

CREATE TABLE `room_items` (
  `room_number` int(11) NOT NULL,
  `item_name` varchar(100) NOT NULL,
  `quantity` int(11) DEFAULT NULL,
  `item_condition` varchar(50) DEFAULT NULL,
  `last_checked` date DEFAULT NULL
) ENGINE=InnoDB DEFAULT CHARSET=utf8mb4 COLLATE=utf8mb4_general_ci;

--
-- Dumping data for table `room_items`
--

INSERT INTO `room_items` (`room_number`, `item_name`, `quantity`, `item_condition`, `last_checked`) VALUES
(101, 'Amplifier', 1, 'Good', '2023-12-27'),
(101, 'Lighting System', 2, 'Good', '2023-12-17'),
(101, 'Microphone', 4, 'Good', '2023-12-20'),
(101, 'Monitor', 1, 'Excellent', '2023-12-19'),
(101, 'Speaker', 2, 'Fair', '2023-12-21'),
(102, 'Amplifier', 1, 'Good', '2023-12-18'),
(102, 'Lighting System', 2, 'Excellent', '2023-12-17'),
(102, 'Microphone', 6, 'Excellent', '2023-12-20'),
(102, 'Monitor', 1, 'Fair', '2023-12-19'),
(102, 'Speaker', 4, 'Good', '2023-12-21'),
(103, 'Amplifier', 1, 'Good', '2023-12-18'),
(103, 'Lighting System', 2, 'Excellent', '2023-12-17'),
(103, 'Microphone', 6, 'Good', '2023-12-20'),
(103, 'Monitor', 1, 'Fair', '2023-12-19'),
(103, 'Speaker', 4, 'Excellent', '2023-12-21'),
(104, 'Amplifier', 1, 'Fair', '2023-12-18'),
(104, 'Lighting System', 3, 'Good', '2023-12-17'),
(104, 'Microphone', 6, 'Fair', '2023-12-20'),
(104, 'Monitor', 1, 'Excellent', '2023-12-19'),
(104, 'Speaker', 6, 'Good', '2023-12-21');

-- --------------------------------------------------------

--
-- Table structure for table `room_management`
--

CREATE TABLE `room_management` (
  `room_number` int(11) NOT NULL,
  `date` date NOT NULL DEFAULT current_timestamp(),
  `time_in` time NOT NULL,
  `time_out` time DEFAULT NULL
) ENGINE=InnoDB DEFAULT CHARSET=utf8mb4 COLLATE=utf8mb4_general_ci;

--
-- Dumping data for table `room_management`
--

INSERT INTO `room_management` (`room_number`, `date`, `time_in`, `time_out`) VALUES
(101, '2023-12-28', '01:20:21', '03:31:31'),
(102, '2023-12-28', '03:34:29', '03:37:28'),
(104, '2023-12-28', '03:36:35', '00:00:00'),
(203, '2023-12-28', '03:36:51', '00:00:00');

-- --------------------------------------------------------

--
-- Table structure for table `room_menu`
--

CREATE TABLE `room_menu` (
  `room_number` int(3) NOT NULL,
  `price_per_hour` float(10,2) NOT NULL
) ENGINE=InnoDB DEFAULT CHARSET=utf8mb4 COLLATE=utf8mb4_general_ci;

--
-- Dumping data for table `room_menu`
--

INSERT INTO `room_menu` (`room_number`, `price_per_hour`) VALUES
(101, 6.00),
(102, 8.00),
(103, 8.00),
(104, 12.00),
(201, 3.00),
(202, 3.00),
(203, 3.00),
(204, 3.00),
(205, 3.00);

--
-- Indexes for dumped tables
--

--
-- Indexes for table `customers`
--
ALTER TABLE `customers`
  ADD PRIMARY KEY (`customer_id`);

--
-- Indexes for table `customers_booking`
--
ALTER TABLE `customers_booking`
  ADD PRIMARY KEY (`id`);

--
-- Indexes for table `employees`
--
ALTER TABLE `employees`
  ADD PRIMARY KEY (`employee_id`);

--
-- Indexes for table `menu`
--
ALTER TABLE `menu`
  ADD PRIMARY KEY (`item_id`);

--
-- Indexes for table `orders`
--
ALTER TABLE `orders`
  ADD PRIMARY KEY (`order_id`),
  ADD KEY `customer_id` (`customer_id`);

--
-- Indexes for table `order_items`
--
ALTER TABLE `order_items`
  ADD PRIMARY KEY (`order_id`,`item_id`),
  ADD KEY `order_id` (`order_id`),
  ADD KEY `item_id` (`item_id`);

--
-- Indexes for table `room_items`
--
ALTER TABLE `room_items`
  ADD PRIMARY KEY (`room_number`,`item_name`);

--
-- Indexes for table `room_management`
--
ALTER TABLE `room_management`
  ADD PRIMARY KEY (`date`,`time_in`);

--
-- Indexes for table `room_menu`
--
ALTER TABLE `room_menu`
  ADD PRIMARY KEY (`room_number`);

--
-- AUTO_INCREMENT for dumped tables
--

--
-- AUTO_INCREMENT for table `customers_booking`
--
ALTER TABLE `customers_booking`
  MODIFY `id` int(11) NOT NULL AUTO_INCREMENT;

--
-- Constraints for dumped tables
--

--
-- Constraints for table `room_items`
--
ALTER TABLE `room_items`
  ADD CONSTRAINT `room_items_ibfk_1` FOREIGN KEY (`room_number`) REFERENCES `room_menu` (`room_number`);
COMMIT;

/*!40101 SET CHARACTER_SET_CLIENT=@OLD_CHARACTER_SET_CLIENT */;
/*!40101 SET CHARACTER_SET_RESULTS=@OLD_CHARACTER_SET_RESULTS */;
/*!40101 SET COLLATION_CONNECTION=@OLD_COLLATION_CONNECTION */;
